show_id,title,director,cast,country,date_added,release_year,rating,duration,listed_in,description,type
81193313,Chocolate,,"Ha Ji-won, Yoon Kye-sang, Jang Seung-jo, Kang Bu-ja, Lee Jae-ryong, Min Jin-woong, Kim Won-hae, Yoo Teo",South Korea,"November 30, 2019",2019,TV-14,1 Season,"International TV Shows, Korean TV Shows, Romantic TV Shows","Brought together by meaningful meals in the past and present, a doctor and a chef are reacquainted when they begin working at a hospice ward.",TV Show
81197050,Guatemala: Heart of the Mayan World,"Luis Ara, Ignacio Jaunsolo",Christian Morales,,"November 30, 2019",2019,TV-G,67 min,"Documentaries, International Movies","From Sierra de las Minas to Esquipulas, explore Guatemala's cultural and geological wealth, including ancient Mayan cities and other natural wonders.",Movie
81213894,The Zoya Factor,Abhishek Sharma,"Sonam Kapoor, Dulquer Salmaan, Sanjay Kapoor, Sikander Kher, Angad Bedi, Koel Purie, Pooja Bhamrah, Manu Rishi Chadha",India,"November 30, 2019",2019,TV-14,135 min,"Comedies, Dramas, International Movies","A goofy copywriter unwittingly convinces the Indian cricket team that she’s their lucky mascot, to the dismay of their superstition-shunning captain.",Movie
81082007,Atlantics,Mati Diop,"Mama Sane, Amadou Mbow, Ibrahima Traore, Nicole Sougou, Amina Kane, Mariama Gassama, Coumba Dieng, Ibrahima Mbaye, Diankou Sembene","France, Senegal, Belgium","November 29, 2019",2019,TV-14,106 min,"Dramas, Independent Movies, International Movies","Arranged to marry a rich man, young Ada is crushed when her true love goes missing at sea during a migration attempt – until a miracle reunites them.",Movie
80213643,Chip and Potato,,"Abigail Oliver, Andrea Libman, Briana Buckmaster, Brian Dobson, Chance Hurstfield, Dominic Good, Emma Jayne Maas, Evan Byarushengo, Scotia Anderson, Alessandro Juliani","Canada, United Kingdom",,2019,TV-Y,2 Seasons,Kids' TV,"Lovable pug Chip starts kindergarten, makes new friends and tries new things – with a little help from Potato, her secret mouse pal.",TV Show
81172754,Crazy people,Moses Inwang,"Ramsey Nouah, Chigul, Sola Sobowale, Ireti Doyle, Ben Touitou, Francis Onwochei, Ememobong Nkana, Emem Inwang, Patrick Onyeke",Nigeria,"November 29, 2019",2018,TV-14,107 min,"Comedies, International Movies, Thrillers",Nollywood star Ramsey Nouah learns that someone is impersonating him and breaks out of a mental institution to expose the imposter.,Movie
81120982,I Lost My Body,Jérémy Clapin,"Hakim Faris, Victoire Du Bois, Patrick d'Assumçao, Dev Patel, Alia Shawkat, George Wendt",France,"November 29, 2019",2019,TV-MA,81 min,"Dramas, Independent Movies, International Movies","Romance, mystery and adventure intertwine as a young man falls in love and a severed hand scours Paris for its owner in this mesmerizing animated film.",Movie
81227195,Kalushi: The Story of Solomon Mahlangu,Mandla Dube,"Thabo Rametsi, Thabo Malema, Welile Nzuza, Jafta Mamabolo, Louw Venter, Pearl Thusi",South Africa,"November 29, 2019",2016,TV-MA,107 min,"Dramas, International Movies","The life and times of iconic South African liberation fighter Solomon Mahlangu, who battled the forces of apartheid, come into focus.",Movie
70205672,La Reina del Sur,,"Kate del Castillo, Cristina Urgel, Alberto Jiménez, Juan José Arjona, Humberto Zurita, Dagoberto Gama, Christian Tappán, Miguel de Miguel, Salvador Zerboni, Carmen Navarro, Santiago Meléndez, Juan Carlos Solarte","United States, Spain, Colombia, Mexico",,2019,TV-14,2 Seasons,"Crime TV Shows, International TV Shows, Spanish-Language TV Shows","This compelling show tells the story of the legendary Teresa Mendoza, a courageous woman who is perceived as conquering the world of drug trafficking.",TV Show
81172841,Lagos Real Fake Life,Mike Ezuruonye,"Nonso Diobi, Mike Ezuruonye, Mercy Aigbe, Rex Nosa, Annie Macaulay Idibia, Ik Ogbonna, Nedu Wazobia, Uzee Usman, Odunlade Adekola, Mr Jollof, Efe Irele, Josh 2 Funny, Haillie Sumney, Emmanuella, MC Lively",,"November 29, 2019",2018,TV-14,118 min,"Comedies, International Movies","Two mooching friends vie for the attention of wealthy, beautiful women only to discover that their lavish lifestyles are bogus.",Movie
81172899,Payday,Cheta Chukwu,"Baaj Adebule, Ebiye Victor, Meg Otanwa, Bisola Aiyeola, Mawuli Gavor, Zack Orji, Segilola Ogidan",Nigeria,"November 29, 2019",2018,TV-MA,110 min,"Comedies, Independent Movies, International Movies","After an expensive night out, two flatmates get tangled in an overnight misadventure to recover their rent money to pay their dead landlord's daughter.",Movie
81094391,Sugar Rush Christmas,,"Hunter March, Candace Nelson, Adriano Zumbo",United States,"November 29, 2019",2019,TV-PG,1 Season,Reality TV,"It's everything you love about ""Sugar Rush"" – with a holly jolly holiday twist – in this Christmas-themed spin on competitive baking.",TV Show
81172908,The Accidental Spy,Roger Russell,"Ramsey Nouah, Christine Allado, Ayo Makun, Emmanuel Edunjobi, Thenjiwe Moseley, Miguel A. Núñez Jr., Bucci Franklin",Nigeria,"November 29, 2019",2017,TV-14,104 min,"Action & Adventure, Comedies, International Movies","Nursing a broken heart, an IT specialist moves to London to audition for a reality TV show that unexpectedly turns into a real-life cartel drama.",Movie
81152641,The Charming Stepmom,,"Shahkrit Yamnarm, View Wannarot Sontichai, Krittanai Arsalprakit, Ployshompoo Supasap, Boriboon Chanrueng, Shawankorn Wanthanapisitkul, Duangta Toongkamanee, Daraneenuch Pasutanavin, Phuwin Tangsakyuen, Nuntasai Pisolyabut, Pimmara Charoenpakdee, Thanawat Rattanakitpaisan",,"November 29, 2019",2019,TV-14,1 Season,"International TV Shows, Romantic TV Shows, TV Comedies","A quirky fashion student becomes the nanny of a handsome widower’s three kids, experiencing a series of silly antics and schemes.",TV Show
81172901,The Island,Toka McBaror,"Sambasa Nzeribe, Segun Arinze, Tokunbo Idowu, Femi Adebayo",Nigeria,"November 29, 2019",2018,TV-14,93 min,"Dramas, International Movies, Thrillers","When a colonel uncovers controversial intel about the government, he makes a shocking discovery and must decide whether to reveal it or risk his life.",Movie
80990849,The Movies That Made Us,,,United States,"November 29, 2019",2019,TV-MA,1 Season,Docuseries,"These blockbusters brought us together and gave us the time of our lives. Meet the actors, directors and industry insiders who made them happen.",TV Show
81033086,Holiday Rush,Leslie Small,"Romany Malco, Sonequa Martin-Green, Darlene Love, Deon Cole, La La Anthony, Deysha Nelson, Amarr M. Wooten, Selena-Marie Alphonse, Andrea-Marie Alphonse",United States,"November 28, 2019",2019,TV-PG,94 min,"Children & Family Movies, Dramas",A widowed radio DJ and his four spoiled kids need to tighten their belts and pull together when their life of luxury turns lean just before Christmas.,Movie
80156799,Levius,,"Nobunaga Shimazaki, Junichi Suwabe, Takahiro Sakurai, Ayane Sakura, Hochu Otsuka, Daisuke Ono, Saori Hayami, Mamoru Miyano",Japan,"November 28, 2019",2019,TV-14,1 Season,"Anime Series, International TV Shows",Young Levius rises through the ranks in the brutal world of metal boxing under his uncle's guidance. Forces outside the ring have their eye on him.,TV Show
81161538,Lugar de Mulher,,,Brazil,"November 28, 2019",2019,TV-MA,1 Season,"International TV Shows, Stand-Up Comedy & Talk Shows, TV Comedies","Four comedians from Brazil riff on sexuality, politics, religion and motherhood – and set out to prove a woman's place is anywhere she wants it to be.",TV Show
80997965,Merry Happy Whatever,,"Dennis Quaid, Bridgit Mendler, Brent Morin, Ashley Tisdale, Siobhan Murphy, Adam Rose, Elizabeth Ho, Hayes MacArthur, Garcelle Beauvais, Tyler Ritter, Mason Davis, Lucas Jaye",United States,"November 28, 2019",2019,TV-PG,1 Season,TV Comedies,"A struggling LA musician tries to win over his new girlfriend's gruff dad and quirky, tight-knit siblings on a 10-day Christmas visit to Philadelphia.",TV Show
81018979,Mythomaniac,,"Marina Hands, Mathieu Demy, Marie Drion, Jérémy Gillet, Zélie Rhixon, Yves Jacques, Jean-Charles Clichet, Julia Faure, Andrea Roncato, Linh Dan Pham",France,"November 28, 2019",2019,TV-MA,1 Season,"International TV Shows, TV Comedies, TV Dramas","Burned out and taken for granted, a working mom suspects her partner is cheating, so to win back his attentions, she feigns a medical diagnosis.",TV Show
60020826,The Score,Frank Oz,"Robert De Niro, Edward Norton, Marlon Brando, Angela Bassett, Gary Farmer, Paul Soles, Jamie Harrold, Serge Houde","Germany, Canada, United States","November 28, 2019",2001,R,124 min,"Dramas, Thrillers","Ready-to-retire safecracker Nick, flamboyant fence Max and talented but volatile thief Jackie team up to rob the Montreal Customs House.",Movie
81002391,Broken,,,United States,"November 27, 2019",2019,TV-14,1 Season,Docuseries,This investigative docuseries shows how negligence and deceit in the production and marketing of popular consumer items can result in dire outcomes.,TV Show
70101696,Defiance,Edward Zwick,"Daniel Craig, Liev Schreiber, Jamie Bell, Alexa Davalos, Allan Corduner, Mark Feuerstein, Tomas Arana, Jodhi May, Kate Fahy, Iddo Goldberg, George MacKay, Iben Hjejle, Martin Hancock, Jacek Koman, Ravil Isyanov",United States,"November 27, 2019",2008,R,137 min,"Action & Adventure, Dramas","In this action-packed drama based on an extraordinary true story, four brothers protect more than 1,000 Jewish refugees during World War II.",Movie
81194544,Evvarikee Cheppoddu,Basava Shankar Eeday,"Rakesh Varre, Gargeyi, Vamsi raj Nekkanti, D P Ghani, K Prasanna",India,"November 27, 2019",2019,TV-14,134 min,"Comedies, International Movies, Romantic Movies","When caste differences throw a wrench into their otherwise blossoming relationship, a couple must somehow convince the girl’s father to let them marry.",Movie
80995081,Little Singham: Mahabali,Prakash Satam,"Saumya Daan, Sonal Kaushal, Anamaya Verma, Ganesh Divekar, Neshma Chemburkar",,"November 27, 2019",2019,TV-Y7,69 min,"Children & Family Movies, Comedies","In a journey back in time to the ancient city of Mirchigadh, Little Singham vies for the title of Ultimate Warrior and fights a zombie king’s army.",Movie
81177504,The Body Remembers When the World Broke Open,"Elle-Máijá Tailfeathers, Kathleen Hepburn","Violet Nelson, Elle-Máijá Tailfeathers, Charlie Hannah, Barbara Eve Harris, Sonny Surowiec, Jay Cardinal Villeneuve, Tony Massil, Aidan Dee, James Angus Cowan, Anthony Bolognese","Canada, Norway","November 27, 2019",2019,TV-MA,106 min,"Dramas, Independent Movies","After a traumatic event, two Indigenous women in Vancouver are brought together and form a deep bond despite leading different lives.",Movie
80175798,The Irishman,Martin Scorsese,"Robert De Niro, Al Pacino, Joe Pesci, Harvey Keitel, Ray Romano, Bobby Cannavale, Anna Paquin, Stephen Graham, Stephanie Kurtzuba, Kathrine Narducci, Welker White, Jesse Plemons, Jack Huston, Domenick Lombardozzi, Louis Cancelmi, Paul Herman, Gary Basaraba, Marin Ireland, Sebastian Maniscalco, Steven Van Zandt",United States,"November 27, 2019",2019,R,209 min,Dramas,Hit man Frank Sheeran looks back at the secrets he kept as a loyal member of the Bufalino crime family in this acclaimed film from Martin Scorsese.,Movie
81062293,Mike Birbiglia: The New One,Seth Barrish,Mike Birbiglia,United States,"November 26, 2019",2019,TV-MA,86 min,Stand-Up Comedy,Comedian Mike Birbiglia hits Broadway with a hilarious yet profound one-man show that recounts his emotional and physical journey to parenthood.,Movie
80235524,Super Monsters Save Christmas,Steve Ball,"Elyse Maloway, Vincent Tong, Erin Mathews, Andrea Libman, Alessandro Juliani, Nicole Anthony, Diana Kaarina, Ian James Corlett, Britt McKillip, Kathleen Barr, Gigi Saul Guerrero, Brian Drummond",United States,"November 26, 2019",2019,TV-Y,24 min,Children & Family Movies,"It's Christmas Eve in Pitchfork Pines, and the Super Monsters are joining forces to deck the halls, find Santa's missing reindeer and save the holiday!",Movie
81204911,The Crime,,"Magdalena Boczarska, Wojciech Zieliński, Joanna Kulig, Radosław Pazura, Magdalena Zawadzka, Dorota Kolak, Zdzislaw Wardejn, Małgorzata Rożniatowska, Aleksandra Popławska, Lukasz Nowicki, Tamara Arciuch, Rafał Cieszyński, Karolina Kominek",Poland,,2015,TV-14,2 Seasons,"Crime TV Shows, International TV Shows, TV Dramas",The peaceful lives of the residents inhabiting a breathtaking seaside town are shaken following a series of macabre crimes.,TV Show
81035121,True: Winter Wishes,,"Michela Luci, Jamie Watson, Eric Peterson, Anna Claire Bartlam, Nicolas Aqui, Cory Doran, Julie Lemieux, Derek McGrath",,"November 26, 2019",2019,TV-Y,46 min,Movies,"An ice crystal from a frosty realm is freezing everything in the Rainbow Kingdom, its citizens too! Can True save Winter Wishfest – and her friends?",Movie
81140259,Zona Rosa,,"Manu NNa, Ana Julia Yeyé, Ray Contreras, Pablo Morán",Mexico,"November 26, 2019",2019,TV-MA,1 Season,"International TV Shows, Spanish-Language TV Shows, Stand-Up Comedy & Talk Shows",An assortment of talent takes the stage for a night of honest stand-up featuring four of Mexico's funniest LGBTQ comedians.,TV Show
80241855,Dirty John,,"Connie Britton, Eric Bana, Juno Temple, Julia Garner, Jean Smart, Keiko Agena, Jeff Perry, Kevin Zegers, Jake Abel",United States,"November 25, 2019",2018,TV-14,1 Season,"Crime TV Shows, TV Dramas, TV Mysteries",Businesswoman Debra Newell's life unravels when she falls for the lies and manipulation of con man John Meehan. Based on the true-crime podcast.,TV Show
81215481,Pranaam,Sanjiv Jaiswal,"Rajeev Khandelwal, Samiksha Singh, S.M. Zaheer, Vikram Gokhale, Meenakshi Sethi, Atul Kulkarni, Abhimanyu Singh, Aniruddha Dave",India,"November 25, 2019",2019,TV-MA,117 min,"Action & Adventure, Dramas, International Movies","Aspiring to fulfill his father’s dream and become a civil services officer, a young man loses his way upon becoming entangled with a criminal lynchpin.",Movie
81005044,What the F* Is Going On?,"Marta Jaenes, Rosa Márquez",,,"November 25, 2019",2019,TV-MA,87 min,"Documentaries, International Movies","Featuring extensive interviews, this documentary takes a critical look at the gender inequality in Spain as the feminist movement aims to shift reality.",Movie
81218079,Awake,"Aleksandr Chernyaev, Fedor Lyass","Jonathan Rhys Meyers, Francesca Eastwood, Malik Yoba, William Forsythe, James Austin Kerr, Jeremy Parr",United States,"November 24, 2019",2019,TV-MA,92 min,Thrillers,"After an accident leaves him with no recollection of who he is, a man becomes a prime suspect in the search for a serial killer targeting young women.",Movie
60028294,Popeye,Robert Altman,"Robin Williams, Shelley Duvall, Ray Walston, Paul Dooley, Paul L. Smith, Richard Libertini, Donald Moffat, Macintyre Dixon, Roberta Maxwell, Donovan Scott",United States,"November 24, 2019",1980,PG,114 min,"Action & Adventure, Children & Family Movies, Comedies","During a storm that wrecks his ship, super-strong sailor Popeye washes ashore and winds up rooming at the Oyl household, where he meets Olive.",Movie
80125671,Shot Caller,Ric Roman Waugh,"Nikolaj Coster-Waldau, Omari Hardwick, Lake Bell, Jon Bernthal, Emory Cohen, Jeffrey Donovan, Evan Jones, Benjamin Bratt, Holt McCallany",United States,"November 24, 2019",2017,R,121 min,"Dramas, Thrillers","Trying to go straight, a once-successful businessman fresh out of prison is forced to orchestrate a brazen crime or risk his family.",Movie
80198001,Strong Girl Bong-soon,,"Park Bo-young, Park Hyung-sik, Ji Soo, Shim Hye-jin, Yu Jae-myeong, Jeon Seok-ho, Im Won-hee, Kim Won-hae",South Korea,"November 24, 2019",2017,TV-14,1 Season,"Crime TV Shows, International TV Shows, Korean TV Shows","Born with supernatural strength, Bong-soon fights evil and procures justice while getting tangled in a love triangle with her CEO boss and cop crush.",TV Show
60020948,Charlotte's Web,"Charles A. Nichols, Iwao Takamoto","Debbie Reynolds, Charles Nelson Reilly, Paul Lynde, Henry Gibson, Rex Allen, Danny Bonaduce, Pamelyn Ferdin, Don Messick, Agnes Moorehead, Martha Scott, John Stephenson, Herb Vigran, Dave Madden",United States,"November 23, 2019",1973,G,94 min,"Children & Family Movies, Classic Movies","Follow the adventures of Wilbur the pig, Templeton the rat and Charlotte the spider in this animated musical version of E.B. White's timeless story.",Movie
70235384,End of Watch,David Ayer,"Jake Gyllenhaal, Michael Peña, Natalie Martinez, Anna Kendrick, David Harbour, Frank Grillo, America Ferrera, Cle Sloan, Jaime FitzSimons, Cody Horn, Shondrella Avery, America Ferrara",United States,"November 23, 2019",2012,R,109 min,Action & Adventure,"Officers Taylor and Zavala patrol the streets of South Central Los Angeles, an area of the city ruled by gangs and riddled with drug violence.",Movie
569355,Hamburger Hill,John Irvin,"Anthony Barille, Michael Boatman, Don Cheadle, Michael Dolan, Don James, Dylan McDermott, Michael A. Nickles, Harry O'Reilly, Daniel O'Shea, Tim Quill, Tommy Swerdlow, Courtney B. Vance, Steven Weber, Tegan West",United States,"November 23, 2019",1987,R,110 min,"Action & Adventure, Dramas",The Vietnam War's horrors come brutally to life through the eyes of American soldiers trying to take a heavily fortified hill under Vietcong control.,Movie
81208888,Once Upon A Time In Lingjian Mountain,,"Xu Kai, Sandrine Pinna, Ryan Zhu, Gao Yuer, Cristy Guo, He Wenjun, Zheng Yawen, Li Junhao, Roger Kwok, James Wen",China,"November 23, 2019",2019,TV-PG,1 Season,"International TV Shows, TV Comedies, TV Sci-Fi & Fantasy","As the nine continents face a crisis, a young disciple joins the Spirit Blade sect and comes under the tutelage of a temperamental sage.",TV Show
60022645,The Time Machine,Simon Wells,"Guy Pearce, Samantha Mumba, Jeremy Irons, Mark Addy, Sienna Guillory, Phyllida Law, Alan Young, Omero Mumba, Yancey Arias, Orlando Jones","United States, United Arab Emirates","November 23, 2019",2002,PG-13,96 min,"Action & Adventure, Sci-Fi & Fantasy","Based on the H.G. Wells classic, this adventure follows a scientist and inventor who's determined to prove to doubters that time travel is possible.",Movie
80198859,Brother,Julien Abraham,"MHD, Darren Muselet, Aïssa Maïga, Jalil Lespert, Youssouf Gueye, Hiam Abbass, Lisette Malidor",France,"November 22, 2019",2019,TV-MA,97 min,"Dramas, Independent Movies, International Movies","Thrust from a violent home into a brutal custody center, a teenager learns to navigate a tough new reality and forge unlikely alliances to survive.",Movie
80216180,Dino Girl Gauko,,"Naoko Matsui, Hiroshi Kamiya, Kazue Ikura, Chafurin, Chie Kojiro, Mari Mashiba, Ryoko Shiraishi, Hidekatsu Shibata, Tadashi Miyazawa, Sonosuke Hattori, Karen, Yui Toita, Izu Konishi, Eri Ozaki, Risa Nakamura, Tomoyo Chujo, Takuro Hijioka, Sawako Yoshida, Chika Okubo, Yuri Fujiwara, Tomomi Yamakawa, Hikaru Yuki, Miyako Kobayashi, Mutsuki Arisawa, Koharu Nogata, Tomoka Kuzutani, Madoka Yokoyama, Madoka Hiraide, Ayako Takamura, Yuki Arimoto, Yuto Kazama, Arisa Takami, Chika Sakamoto","United States, Japan","November 22, 2019",2019,TV-Y7-FV,1 Season,"Anime Series, Kids' TV","When she gets angry, middle schooler Naoko turns into fierce dinosaur Gauko! Thanks to friends, aliens and more, her life is full of wacky incidents.",TV Show
80244846,Dolly Parton's Heartstrings,,"Dolly Parton, Julianne Hough, Kimberly Williams-Paisley, Dallas Roberts, Melissa Leo, Andy Mientus, Katie Stevens, Michael J. Willett, Aidan Langford, Ray McKinnon, Delta Burke, Gerald McRaney, Ben Lawson, Brooke Elliott, Michele Weaver, Tim Reid, Sarah Shahi, Rochelle Aytes, Jessica Collins, Tammy Lynn Michaels, Robert Taylor, Holly Taylor, Shane Paul McGhie, Mary Lane Haskell, Camryn Manheim, Bellamy Young, Patricia Wettig, Timothy Busfield, Tom Brittney, Virginia Gardner, Colin O'Donoghue, Willa Fitzgerald, David Denman, Vanessa Rubio, Mac Davis, Kathleen Turner, Ginnifer Goodwin, Kyle Bornheimer, Tyler Crumley, Mary Donnelly Haskell, Ed Amatrudo",United States,"November 22, 2019",2019,TV-14,1 Season,TV Dramas,"Eight stories celebrating family, faith, love and forgiveness come to life in this series inspired by Dolly Parton's iconic country music catalog.",TV Show
80159876,Girls und Panzer der Film,Tsutomu Mizushima,"Mai Fuchigami, Ai Kayano, Mami Ozaki, Ikumi Nakagami, Yuka Iguchi, Misato Fukuen, Mikako Takahashi, Kana Ueda, Mika Kikuchi, Maya Yoshioka",Japan,"November 22, 2019",2015,TV-14,121 min,"Action & Adventure, Anime Features, International Movies",The girls of Ōarai High must face off against a formidable university team in a fierce tank battle to once again avoid closure of their school.,Movie
80233258,High Seas,,"Ivana Baquero, Jon Kortajarena, Alejandra Onieva, Eloy Azorín, Chiqui Fernández, Tamar Novas, Daniel Lundh, Manuela Vellés, Natalia Rodríguez, Laura Prats, Ignacio Montes, Begoña Vargas, Luis Bermejo, Pepe Ocio, Ben Temple, Félix Gómez, Antonio Durán 'Morris', Eduardo Blanco, José Sacristán",Spain,,2019,TV-MA,2 Seasons,"Crime TV Shows, International TV Shows, Spanish-Language TV Shows",Two sisters discover disturbing family secrets after a string of mysterious deaths occur on a luxury ship traveling from Spain to Brazil in the 1940s.,TV Show
70091304,Mike Birbiglia: What I Should Have Said Was Nothing: Tales from My Secret Public Journal,,Mike Birbiglia,United States,"November 22, 2019",2008,TV-14,56 min,Stand-Up Comedy,Mike Birbiglia performs in this live concert special that features a riotous selection of the unique insights and observations culled from his diary.,Movie
81019894,Nailed It! Holiday!,,"Nicole Byer, Jacques Torres",United States,,2019,TV-PG,2 Seasons,Reality TV,"It's the ""Nailed It!"" holiday special you've been waiting for, with missing ingredients, impossible asks and desserts that look delightfully sad.",TV Show
81169145,Narcoworld: Dope Stories,,,United States,"November 22, 2019",2019,TV-MA,1 Season,"Crime TV Shows, Docuseries","Ride along as police officers and drug smugglers go toe-to-toe, trying to outwit each other in locales around the world.",TV Show
80244700,Nobody's Looking,,"Victor Lamoglia, Júlia Rabello, Kéfera Buchmann, Augusto Madeira, Danilo de Moura, Leandro Ramos, Telma Souza, Priscila Sol, Wallie Ruy, Maurício de Barros, Hermínio Ribeiro",Brazil,"November 22, 2019",2019,TV-MA,1 Season,"International TV Shows, TV Comedies, TV Dramas","A new guardian ""angelus"" uncovers a secret behind the Angelus System's bureaucracy that leads him to break its official rules about protecting humans.",TV Show
81218074,Shelby American,"Nate Adams, Adam Carolla",Carroll Shelby,United States,"November 22, 2019",2019,TV-14,119 min,"Documentaries, Sports Movies","Featuring interviews and vintage footage, this documentary traces American icon Carroll Shelby's life of reinvention from farmer to racer to entrepreneur.",Movie
80245262,Singapore Social,,"Nicole Ong, Mae Tan, Sukki Singapora, Vinny Sharp, Paul Foster, Tabitha Nauser","Singapore, United States","November 22, 2019",2019,TV-MA,1 Season,"International TV Shows, Reality TV","Peer into the lives of young Singaporeans as they defy expectations and traverse the tricky terrain of career, romance and family.",TV Show
80212245,The Dragon Prince,,"Jack De Sena, Paula Burrows, Sasha Rojen, Jason Simpson, Racquel Belmonte, Jesse Inocalla, Luc Roderique, Jonathan Holmes, Adrian Petriw","United States, Canada",,2019,TV-Y7-FV,3 Seasons,"Kids' TV, TV Action & Adventure, TV Sci-Fi & Fantasy",An extraordinary discovery inspires two human princes and an elven assassin to team up on an epic quest to bring peace to their warring lands.,TV Show
80117560,Trolls: The Beat Goes On!,,"Amanda Leighton, Skylar Astin, Ron Funches, David Fynn, David Koechner, David Kaye, Sean T. Krishnan, Sam Lerner, Patrick Pinney, Kevin Michael Richardson, Kari Wahlgren, Fryda Wolff",United States,,2019,TV-G,8 Seasons,"Kids' TV, TV Comedies","As Queen Poppy welcomes a new time of peace in Troll Village with parties, sports and holiday celebrations, Branch tries to be more fun-loving.",TV Show
60023606,K-19: The Widowmaker,Kathryn Bigelow,"Harrison Ford, Liam Neeson, Peter Sarsgaard, Sam Spruell, Joss Ackland, Peter Stebbings, Christian Camargo, Sam Redford, John Shrapnel, Donald Sumpter","United Kingdom, Germany, Canada, United States","November 21, 2019",2002,PG-13,138 min,"Action & Adventure, Dramas","On board Russia's first nuclear ballistic submarine, Capt. Vostrikov must race against time to prevent a Chernobyl-like explosion.",Movie
80241539,Mortel,,"Carl Malapa, Nemo Schiffman, Manon Bresch, Corentin Fila, Anaïs Thomas, Firmine Richard, Raphaëlle Agogué, Marvin Dubart, Léa Léviant, Assa Sylla, Stéphane Brel",France,"November 21, 2019",2019,TV-MA,1 Season,"Crime TV Shows, International TV Shows, TV Dramas","After making a deal with a supernatural figure, two high schoolers emerge with extraordinary powers and join forces to solve a murder.",TV Show
81026188,The Knight Before Christmas,Monika Mitchell,"Vanessa Hudgens, Josh Whitehouse, Emmanuelle Chriqui, Harry Jarvis, Mimi Gianopulos, Ella Kenion, Jean-Michel Le Gal, Arnold Pinnock",United States,"November 21, 2019",2019,TV-14,93 min,"Children & Family Movies, Comedies, Romantic Movies","Medieval magic sends a 14th-century knight to modern-day Ohio, where he falls for a high school science teacher who's disillusioned by love.",Movie
70267398,Adore,Anne Fontaine,"Naomi Watts, Robin Wright, Xavier Samuel, James Frecheville, Ben Mendelsohn, Jessica Tovey, Sophie Lowe, Gary Sweet, Alyson Standen, Skye Sutherland, Sarah Henderson","Australia, France","November 20, 2019",2013,R,111 min,"Dramas, Independent Movies, International Movies","When lifelong friends Roz and Lil fall in love with each other's teenage sons, they must carry out their affairs in relative secrecy.",Movie
81152643,Bangkok Buddies,,"Vayu Kessuvit, Ekapol Deebunmee, Nuttapong Boonyuen, Thanadol Auepongs, Martin Sidel, Nichaphat Chatchaipholrat, Narupornkamol Chaisang, Jidapa Siribunchawan, Hortnarong Teng, Everest Moe, Le Trung Hieu",,"November 20, 2019",2019,TV-14,1 Season,"International TV Shows, TV Comedies, TV Dramas","Living under the same roof, a group of unabashed friends wrestle with everyday issues from financial woes and shared quarters to romantic misfires.",TV Show
80108983,Be Somebody,Joshua Caldwell,"Matthew Espinosa, Sarah Jeffery, Allison Paige, Tava Smiley, Caitlin Keats, LaMonica Garrett, Mahaley Patel, Mason McCulley, Liana Ramirez",United States,"November 20, 2019",2016,PG,88 min,"Comedies, Dramas, Romantic Movies","To escape the stress of fame, teen pop star Jordan goes incognito in a small town, where he forms a special bond with high school art student Emily.",Movie
292118,Beavis and Butt-head Do America,Mike Judge,"Mike Judge, Bruce Willis, Demi Moore, Cloris Leachman, Robert Stack, Jacqueline Barba, Pamela Blair, Eric Bogosian, Kristofor Brown, Tony Darling, David Letterman",United States,"November 20, 2019",1996,PG-13,81 min,"Comedies, Cult Movies","After realizing that their boob tube is gone, Beavis and Butt-head set off on an expedition that takes them from Las Vegas to the nation's capital.",Movie
70003046,Bebe's Kids,Bruce W. Smith,"Faizon Love, Vanessa Bell Calloway, Wayne Collins, Jonell Green, Marques Houston, Tone-Loc, Myra J., Nell Carter",United States,"November 20, 2019",1992,PG-13,73 min,Comedies,"When ladies' man Robin meets Jamika, he falls head over heels, but she greets him with four surprises: her son and her girlfriend Bebe's three kids.",Movie
80221584,"Bikram: Yogi, Guru, Predator",Eva Orner,Bikram Choudhury,United States,"November 20, 2019",2019,TV-MA,86 min,Documentaries,This documentary charts the rise and fall of hot yoga founder Bikram Choudhury as his global empire is born and disturbing revelations come to light.,Movie
70053833,Black Snake Moan,Craig Brewer,"Samuel L. Jackson, Christina Ricci, Justin Timberlake, S. Epatha Merkerson, John Cothran, David Banner, Michael Raymond-James, Adriane Lenox, Kim Richards, Neimus K. Williams",United States,"November 20, 2019",2007,R,116 min,"Dramas, Independent Movies","Lazarus finds Rae beaten and near death, and acts as a father figure to help redeem her. But before saving anyone, Lazarus must face his own demons.",Movie
70122722,Carriers,"Àlex Pastor, David Pastor","Lou Taylor Pucci, Chris Pine, Piper Perabo, Emily VanCamp, Christopher Meloni, Kiernan Shipka, Ron McClary, Mark Moses",United States,"November 20, 2019",2009,PG-13,85 min,"Horror Movies, Sci-Fi & Fantasy, Thrillers","As a lethal virus spreads globally, four friends seek a reputed plague-free haven. But while avoiding the infected, the travelers turn on one another.",Movie
81217738,Dorasaani,KVR Mahendra,"Anand Deverakonda, Shivatmika Rajasekhar, Kannada Kishore",India,"November 20, 2019",2019,TV-14,134 min,"Dramas, International Movies, Romantic Movies",A village landlord's daughter and an educated commoner must decide if their budding forbidden love is worth resisting a repressive social hierarchy.,Movie
80081990,Dream/Killer,Andrew Jenks,"Bill Ferguson, Ryan Ferguson",United States,"November 20, 2019",2015,TV-MA,109 min,Documentaries,This riveting crime doc follows Bill as he confronts America's broken judicial system after his son is falsely sentenced to 40 years in prison.,Movie
60004471,Evolution,Ivan Reitman,"David Duchovny, Julianne Moore, Orlando Jones, Seann William Scott, Ted Levine, Ethan Suplee, Michael Bower, Pat Kilbane, Ty Burrell, Dan Aykroyd",United States,"November 20, 2019",2001,PG-13,102 min,"Comedies, Sci-Fi & Fantasy","After two community college geology professors discover microscopic alien life-forms on a meteorite, the military and government become involved.",Movie
60022413,Eye for an Eye,John Schlesinger,"Sally Field, Kiefer Sutherland, Ed Harris, Beverly D'Angelo, Charlayne Woodard, Joe Mantegna, Olivia Burnette, Alexandra Kyle, Keith David, Philip Baker Hall",United States,"November 20, 2019",1996,R,101 min,"Dramas, Thrillers",Grieving mother Karen McCann takes justice into her own hands when the man who raped and murdered her daughter is freed on a technicality.,Movie
81011957,Holiday Secrets,,"Corinna Harfouch, Christiane Paul, Svenja Jung, Leonie Benesch, Anita Vulesica, Barbara Nüsse, Hans-Uwe Bauer, Lorna zu Solms, Tilda Jenkins, Emilie Neumeister, Golo Euler, Dennis Herrmann, Maik Solbach, Merlin Rose",Germany,"November 20, 2019",2019,TV-MA,1 Season,"International TV Shows, TV Dramas",A Christmas reunion becomes a gateway to the past in this three-part series that explores the intimate complexities of one family's history.,TV Show
70058022,Hot Rod,Akiva Schaffer,"Andy Samberg, Jorma Taccone, Bill Hader, Danny McBride, Isla Fisher, Sissy Spacek, Ian McShane, Will Arnett, Chris Parnell, Chester Tam",United States,"November 20, 2019",2007,PG-13,88 min,"Comedies, Sports Movies",Andy Samberg stars in this comedy as an accident-prone daredevil who's determined to jump 15 buses on his moped and impress his abusive stepfather.,Movie
60022502,It Takes Two,Andy Tennant,"Kirstie Alley, Steve Guttenberg, Mary-Kate Olsen, Ashley Olsen, Philip Bosco, Jane Sibbett",United States,"November 20, 2019",1995,PG,101 min,"Children & Family Movies, Comedies","The Olsen twins put a cute new spin on Mark Twain's classic tale ""The Prince and the Pauper,"" playing identical 9-year-olds from very different backgrounds: orphaned Amanda and wealthy Alyssa.",Movie
80244683,"Lorena, Light-Footed Woman",Juan Carlos Rulfo,Lorena Ramírez,Mexico,"November 20, 2019",2019,TV-G,28 min,"Documentaries, International Movies, Sports Movies",Lorena Ramírez of Mexico's Rarámuri community lives a pastoral life – except when she straps on her sandals to compete as an ultramarathon runner.,Movie
80028357,"Love, Rosie",Christian Ditter,"Lily Collins, Sam Claflin, Christian Cooke, Jamie Beamish, Suki Waterhouse, Tamsin Egerton, Jaime Winstone, Lorcan Cranitch","Germany, United Kingdom","November 20, 2019",2014,R,103 min,"Comedies, International Movies, Romantic Movies","Over the years, as they come and go in each other's life, childhood pals Rosie and Alex struggle to resolve the lasting, intimate bond between them.",Movie
81217739,Mallesham,Raj R,"Jhansi, Priyadarshi Pullikonda, Ananya Nagalla",India,"November 20, 2019",2019,TV-PG,131 min,"Dramas, Independent Movies, International Movies","A self-trained engineer risks debt, love and reputation in his quest to improve the grueling work conditions of his mother and her weaving community.",Movie
60031884,Once Upon a Time in the West,Sergio Leone,"Henry Fonda, Charles Bronson, Claudia Cardinale, Jason Robards, Gabriele Ferzetti, Paolo Stoppa, Woody Strode, Jack Elam, Keenan Wynn, Frank Wolff, Lionel Stander","Italy, United States","November 20, 2019",1968,PG-13,166 min,"Action & Adventure, Classic Movies, International Movies","In this epic spaghetti Western, a flinty gunslinger is hired by a railroad tycoon to kill anyone standing in the way of his trans-American iron horse.",Movie
70117289,She's Out of My League,Jim Field Smith,"Jay Baruchel, Alice Eve, T.J. Miller, Mike Vogel, Nate Torrence, Krysten Ritter, Geoff Stults, Lindsay Sloane, Andrew Daly, Jasika Nicole, Kyle Bornheimer",United States,"November 20, 2019",2010,R,105 min,"Comedies, Romantic Movies","When average-guy Kirk starts dating drop-dead-gorgeous Molly, his friends don't see it lasting, so Kirk does everything he can to avoid losing Molly.",Movie
28631236,Superstar,Bruce McCulloch,"Molly Shannon, Will Ferrell, Elaine Hendrix, Harland Williams, Mark McKinney, Glynis Johns, Jason Blicker, Gerry Bamman, Emmy Laybourne, Jennifer Irwin, Tom Green",United States,"November 20, 2019",1999,PG-13,82 min,Comedies,A socially awkward Catholic schoolgirl vows to win a dreamy classmate’s affections by taking first prize at an upcoming talent show.,Movie
70121502,The Adventures of Tintin,Steven Spielberg,"Jamie Bell, Andy Serkis, Daniel Craig, Nick Frost, Simon Pegg, Daniel Mays, Gad Elmaleh, Toby Jones, Joe Starr","United States, New Zealand, United Kingdom","November 20, 2019",2011,PG,107 min,Children & Family Movies,"This 3-D motion capture adapts Georges Remi's classic comic strip about the adventures of fearless young journalist Tintin and his trusty dog, Snowy.",Movie
70215455,The Devil Inside,William Brent Bell,"Fernanda Andrade, Simon Quarterman, Evan Helmuth, Ionut Grama, Suzan Crowley, Bonnie Morgan, Brian Johnson",United States,"November 20, 2019",2012,R,84 min,"Horror Movies, Thrillers","At once spooky and grisly, this thriller follows a woman's quest to find the truth behind claims her mother killed three people during an exorcism.",Movie
506464,The First Wives Club,Hugh WIlson,"Bette Midler, Goldie Hawn, Diane Keaton, Maggie Smith, Dan Hedaya, Sarah Jessica Parker, Stockard Channing, Victor Garber, Stephen Collins, Marcia Gay Harden, Jennie Dundas, Elizabeth Berkley, Eileen Heckart, Bronson Pinchot, Rob Reiner",United States,"November 20, 2019",1996,PG,103 min,Comedies,"Following a friend's suicide after her husband dumps her for a younger model, three women plot payback against their two-timing exes.",Movie
60003508,The Gift,Sam Raimi,"Cate Blanchett, Giovanni Ribisi, Keanu Reeves, Katie Holmes, Greg Kinnear, Hilary Swank, Michael Jeter, Kim Dickens, Gary Cole, Rosemary Harris, J.K. Simmons, Chelcie Ross, John Beasley",United States,"November 20, 2019",2000,R,112 min,"Dramas, Thrillers","When the authorities find a drowned woman's body, a small-town psychic starts having visions of who committed the murder.",Movie
70105132,"The Goods: Live Hard, Sell Hard",Neal Brennan,"Jeremy Piven, Ving Rhames, James Brolin, David Koechner, Kathryn Hahn, Ed Helms, Jordana Spiro, Tony Hale, Ken Jeong, Rob Riggle, Kristen Schaal, Alan Thicke, Jonathan Sadowski, Joey Kern, Craig Robinson",United States,"November 20, 2019",2009,R,89 min,Comedies,"Hired to rescue a flagging car dealership during a major sale, a fast-talking closer spends his days on the lot and his nights at local strip clubs.",Movie
60004083,The Longest Yard,Robert Aldrich,"Burt Reynolds, Eddie Albert, Ed Lauter, James Hampton, Charles Tyner, Bernadette Peters, Richard Kiel, Joe Dorsey, Joe Jackson, Harry Caesar, John Steadman, Jim Nicholson, Tony Cacciotti",United States,"November 20, 2019",1974,R,121 min,"Classic Movies, Comedies, Sports Movies",Washed-up professional quarterback Paul Crewe is sent to jail and forced to put together an inmate gridiron team to take on a group of prison guards.,Movie
70087538,The Love Guru,Marco Schnabel,"Mike Myers, Jessica Alba, Justin Timberlake, Ben Kingsley, Romany Malco, Meagan Good, Verne Troyer, Omid Djalili, Telma Hopkins","United Kingdom, Germany, United States","November 20, 2019",2008,PG-13,87 min,"Comedies, Sports Movies","Raised on an ashram in India, a self-styled love guru returns to his native America to settle a romantic rivalry between two pro hockey players.",Movie
1181661,The Rainmaker,Francis Ford Coppola,"Matt Damon, Danny DeVito, Claire Danes, Jon Voight, Mary Kay Place, Dean Stockwell, Teresa Wright, Virginia Madsen, Mickey Rourke, Andrew Shue","United States, Germany","November 20, 2019",1997,PG-13,136 min,"Dramas, Thrillers",A young attorney and a scrappy paralegal work to help the parents of a terminally ill boy in their suit against an insurance company.,Movie
60011552,What's Eating Gilbert Grape,Lasse Hallström,"Johnny Depp, Leonardo DiCaprio, Juliette Lewis, Mary Steenburgen, Darlene Cates, Laura Harrington, Mary Kate Schellhardt, Kevin Tighe, John C. Reilly, Crispin Glover",United States,"November 20, 2019",1993,PG-13,118 min,"Classic Movies, Dramas, Independent Movies","In a backwater Iowa town, young Gilbert is torn between taking care of his troubled family and a girl who shows him new possibilities for his life.",Movie
80222157,Who Killed Little Gregory?,,,France,"November 20, 2019",2019,TV-MA,1 Season,"Crime TV Shows, Docuseries, International TV Shows","When their 4-year-old son is murdered, a young couple fights a twisting and arduous battle trying to identify a frustratingly elusive killer.",TV Show
70044693,World Trade Center,Oliver Stone,"Nicolas Cage, Michael Peña, Maggie Gyllenhaal, Maria Bello, Stephen Dorff, Jay Hernandez, Michael Shannon, Frank Whaley, Jon Bernthal, Morgan Flynn, Nick Damici, Viola Davis, William Mapother",United States,"November 20, 2019",2006,PG-13,129 min,"Action & Adventure, Dramas","Working under treacherous conditions, an army of dedicated rescuers struggles to find anyone who survived the World Trade Center's tragic collapse.",Movie
70173046,Young Adult,Jason Reitman,"Charlize Theron, Patton Oswalt, Patrick Wilson, Elizabeth Reaser, Jill Eikenberry, Mary Beth Hurt, Collette Wolfe, Richard Bekins, Kate Nowlin",United States,"November 20, 2019",2011,R,94 min,"Comedies, Dramas, Independent Movies","When a divorced writer gets a letter from an old boyfriend announcing his wife's had a baby, she returns to her hometown to reconnect with her ex.",Movie
70039187,"Yours, Mine and Ours",Raja Gosnell,"Dennis Quaid, Rene Russo, Sean Faris, Katija Pevec, Dean Collins, Tyler Patrick Jones, Haley Ramm, Brecken Palmer, Bridger Palmer, Ty Panitz",United States,"November 20, 2019",2005,PG,88 min,"Children & Family Movies, Comedies","When a father of eight and a mother of 10 prepare to wed, the couple's children attempt to sabotage the union in this remake of a 1968 comedy.",Movie
70044686,Zodiac,David Fincher,"Mark Ruffalo, Jake Gyllenhaal, Robert Downey Jr., Anthony Edwards, Brian Cox, Elias Koteas, Donal Logue, John Carroll Lynch, Dermot Mulroney, Chloë Sevigny",United States,"November 20, 2019",2007,R,158 min,"Cult Movies, Dramas, Thrillers","A political cartoonist, a crime reporter and a pair of cops investigate San Francisco's infamous Zodiac Killer in this thriller based on a true story.",Movie
81073633,Iliza Shlesinger: Unveiled,Steve Paley,Iliza Shlesinger,United States,"November 19, 2019",2019,TV-MA,78 min,Stand-Up Comedy,"Here comes the bride, and she's got plenty to say. Newlywed Iliza Shlesinger dissects wedding traditions as she mines her nuptials for laughs.",Movie
81152642,Miss Culinary,,"Wanida Termthanaporn, Jason Young, Thanawin Teeraphosukarn, Thanabordee Jaiyen, Chonnikan Netjui, Passaranan Ussadamongkol, Janya Thanasawangkun, Jaturong Mokjok, Panadda Wongphudee️️",,"November 19, 2019",2019,TV-14,1 Season,"International TV Shows, Romantic TV Shows, TV Comedies","After ditching her domestic life to become a chef, a clueless maid crosses paths with two charming suitors who help her reach her dreams.",TV Show
81105522,No Time for Shame,,Santiago Artemis,Argentina,"November 19, 2019",2019,TV-MA,1 Season,"International TV Shows, Reality TV, Spanish-Language TV Shows","Follow Santiago Artemis, a Buenos Aires fashion dynamo, as he makes his dreams come true while grappling with his love life, therapist and clients.",TV Show
81191473,Candy Online,,"Ruby Zhan, Suun Lin, Sunnie Wang, Dean Tang, Lain Lu, Cheng Ko, Jacqueline Zhu, Chen Wen-shan, Ada Pan",Taiwan,"November 17, 2019",2019,TV-MA,1 Season,"International TV Shows, TV Dramas, Teen TV Shows","When a wardrobe malfunction goes viral, a bubbly live streamer struggles to navigate her classmates' cruel judgment and the small town she lives in.",TV Show
